<application xmlns="http://apstandard.com/ns/1" version="1.2">
	<id>http://wordpress.org/</id>
	<name>WordPress</name>
	<version>3.2.1</version>
	<release>6</release>
	<homepage>http://wordpress.org/</homepage>

	<vendor>
		<name>WordPress.org</name>
		<homepage>http://wordpress.org/</homepage>
	</vendor>

	<packager>
		<name>Parallels</name>
		<homepage>http://parallels.com/</homepage>
		<uri>uuid:714f0a7b-85d6-4eb8-b68e-40f9acbb3103</uri>
	</packager>

	<presentation>
		<summary>WordPress is a state-of-the-art semantic personal publishing platform with a focus on aesthetics, web standards, and usability.</summary>

		<description>
    WordPress is a state-of-the-art semantic personal publishing platform with a focus on 
    aesthetics, web standards, and usability. What a mouthful. WordPress is both free and 
    priceless at the same time.
    More simply, WordPress is what you use when you want to work with your blogging software, 
    not fight it.  
		</description>

		<icon path="images/icon.png"/>

		<screenshot path="images/admin_page.jpg">
			<description>
				Admin page.
			</description>
		</screenshot>

		<changelog>
			<version version="3.2.1" release="6">
				<entry>correct handling of empty BASE_URL_PORT (Plesk 10.3)</entry>
			</version>
			<version version="3.2.1" release="4">
				<entry>WordPress 3.2.1 release notes: http://codex.wordpress.org/Version_3.2.1</entry>
			</version>
			<version version="3.1.4" release="2">
				<entry>WordPress 3.1.4 release notes: http://codex.wordpress.org/Version_3.1.4</entry>
			</version>
			<version version="3.1.3" release="4">
				<entry>metadata: setting and entry point classes are added</entry>
			</version>
			<version version="3.1.3" release="2">
				<entry>WordPress 3.1.3 release notes: http://codex.wordpress.org/Version_3.1.3</entry>
			</version>
			<version version="3.1.2" release="4">
				<entry>WordPress 3.1.2 release notes: http://codex.wordpress.org/Version_3.1.2</entry>
			</version>
			<version version="3.1.1" release="4">
				<entry>WordPress 3.1.1 release notes: http://codex.wordpress.org/Version_3.1.1</entry>
			</version>
			<version version="3.1" release="4">
				<entry>deployment fix: dummy file is place under htdocs/tmp</entry>
			</version>
			<version version="3.1" release="2">
				<entry>WordPress 3.1 reslease notes: http://codex.wordpress.org/Version_3.1</entry>
			</version>
			<version version="3.0.4" release="4">
				<entry>Upgrade to WordPress 3.0.3</entry>
			</version>
			<version version="3.0.3" release="6">
				<entry>Upgrade to WordPress 3.0.3</entry>
			</version>
			<version version="3.0" release="5">
				<entry>Upgrade to WordPress 3.0</entry>
			</version>
			<version version="2.9.2" release="8">
				<entry>Top application directory became writable to support auto-upgrade and test mode</entry>
			</version>
			<version version="2.9.2" release="7">
				<entry>ChangeLog http://codex.wordpress.org/Version_2.9.2</entry>
			</version>
			<version version="2.8.5" release="1">
				<entry>Autologin is added. ChangeLog http://codex.wordpress.org/Version_2.8.5</entry>
			</version>
			<version version="2.8.4" release="3">
				<entry>ChangeLog http://codex.wordpress.org/Version_2.8.4</entry>
			</version>
			<version version="2.8" release="6">
				<entry>Obsoleted category removed</entry>
			</version>
			<version version="2.8" release="5">
				<entry>ChangeLog http://codex.wordpress.org/Version_2.8;
				 Plugin Compatibility list: http://codex.wordpress.org/Plugins/Plugin_Compatibility/2.8;
				 Theme Compatibility list: http://codex.wordpress.org/Themes/Theme_Compatibility/2.8
				</entry>
			</version>
			<version version="2.7.1" release="1">
				<entry>ChangeLog http://codex.wordpress.org/Changelog/2.7.1</entry>
			</version>
			<version version="2.7.0" release="5">
				<entry>'PHP safe mode off' requirement is added</entry>
			</version>
			<version version="2.7.0" release="4">
				<entry>Initial package version</entry>
			</version>
		</changelog>

		<categories>
			<category>Web/Blog</category>
		</categories>

		<languages>
			<language>en</language>
		</languages>
	</presentation>

	<upgrade match="/application/version &gt; '2.0' or /application/version = '2.0' and /application/release &gt;= '1'"/>

	<service id="wordpress">
		<license must-accept="true">
			<text>
				<name>GPLv2</name>
				<file>htdocs/license.txt</file>
			</text>
		</license>

		<presentation>
			<name>Wordpress Instance</name>
			<summary>Wordpress blog engine</summary>

			<entry-points>

				<entry dst="/wp-login.php" method="POST" class='control-panel'>
					<label>Administrative interface</label>
					<variable name="log" value-of-setting="admin_name"/>
					<variable name="pwd" value-of-setting="admin_password"/>
				</entry>

				<entry dst="/">
				      <label>Blog</label>
				</entry>

				<entry dst="/wp-login.php?redirect_to=wp-admin/theme-uploader.php" method="POST" class='control-panel'>
					<label>Upload theme</label>
					<variable name="log" value-of-setting="admin_name"/>
					<variable name="pwd" value-of-setting="admin_password"/>
				</entry>

				<entry dst="/wp-login.php?redirect_to=wp-admin/plugin-uploader.php" method="POST" class='control-panel'>
					<label>Upload plugin</label>
					<variable name="log" value-of-setting="admin_name"/>
					<variable name="pwd" value-of-setting="admin_password"/>
				</entry>
			</entry-points>
		</presentation>

		<settings>
			<group class="authn">
				<name>Administrator's preferences</name>
				<setting id="admin_name" type="string" default-value="admin" class="login" min-length="1" max-length="32" regex="^[a-zA-Z][0-9a-zA-Z_\-]*">
					<name>Administrator's login</name>
					<error-message>Please make sure the text you entered starts with a letter and continues with either numbers, letters, underscores or hyphens.</error-message>
				</setting>
				<setting id="admin_password" type="password" class="password" min-length="1" >
					<name>Password</name>
				</setting>
			</group>
			<group class="vcard">
				<name>Main configuration</name>
				<group class="email">
					<setting id="admin_email" type="email" class="value">
						<name>Administrator's email</name>
					</setting>
				</group>
				<group class="fn n">
                    <setting id="title" type="string" default-value="My CMS" min-length="1" class="organization-name">
                        <name>Site name</name>
                    </setting>
                </group>
			</group>
			<group class="web">
			<setting id="locale" class="locale" type="enum" default-value="en-US">
				<name>Interface language</name>
				<choice id="nl-NL" >
					<name>Dutch</name>
				</choice>
				<choice id="de-DE" >
					<name>German</name>
				</choice>
				<choice id="en-US" >
					<name>English</name>
				</choice>
				<choice id="fr-FR" >
					<name>French</name>
				</choice>
				<choice id="it-IT" >
					<name>Italian</name>
				</choice>
				<choice id="ja-JP" >
				    <name>Japanese</name>
				</choice>
				<choice id="ru-RU" >
					<name>Russian</name>
				</choice>
				<choice id="es-ES" >
					<name>Spanish</name>
				</choice>
				<choice id="tr-TR" >
					<name>Turkish</name>
				</choice>
			</setting>
			</group>

		</settings>

		<requirements xmlns:php="http://apstandard.com/ns/1/php" xmlns:db="http://apstandard.com/ns/1/db">
			<php:version min="5.2.4"/>
			<php:extension>mysql</php:extension>

			<php:safe-mode>false</php:safe-mode>

			<db:db>
				<db:id>main</db:id>
				<db:default-name>wordpress</db:default-name>
				<db:can-use-tables-prefix>true</db:can-use-tables-prefix>
				<db:server-type>mysql</db:server-type>
				<db:server-min-version>5.0</db:server-min-version>
			</db:db>
		</requirements>

		<provision>
			<configuration-script name="configure">
				<script-language>php</script-language>
			</configuration-script>

			<url-mapping>
				<default-prefix>wordpress</default-prefix>

				<installed-size>6696960</installed-size>

				<mapping url="/" path="htdocs" xmlns:php="http://apstandard.com/ns/1/php">
					<php:permissions writable="true"/>
					<php:handler>
						<php:extension>php</php:extension>
					</php:handler>
  
					<mapping url="wp-config.php"><php:permissions writable="true"/></mapping>
					<mapping url="blogs/media"><php:permissions writable="true"/></mapping>
					<mapping url="wp-content"><php:permissions writable="true"/></mapping>
					<mapping url="tmp"><php:permissions writable="true"/></mapping>
				</mapping>
			</url-mapping>
		</provision>
	</service>
</application>

